Column1,id
0,68b2e9b2b594c9577ba43240
1,68b2ea2db594c9577ba43818
2,68af82c5c4f780b5153e6428
3,68af8391c4f780b5153e6bce
4,68af838dc4f780b5153e6ac3
5,68af83ffc4f780b5153e7396
6,68af81d2c4f780b5153e58e6
7,68af81e0c4f780b5153e5cd3
8,68b2ea18b594c9577ba43673
9,68b2ea17b594c9577ba435e6
10,68af81f5c4f780b5153e5fbc
11,68af838cc4f780b5153e6a60
12,68af8404c4f780b5153e7525
13,68af81f5c4f780b5153e5fa4
14,68af82c8c4f780b5153e64df
15,68af81dbc4f780b5153e5b65
16,68b2ea17b594c9577ba4360d
17,68af81ddc4f780b5153e5be9
18,68af83ecc4f780b5153e716a
19,68af83ebc4f780b5153e710d
